Top pages,Clicks,Impressions,CTR,Position
https://www.packplannerpro.co.uk/dog-walking-software-uk,1,11,9.09%,10.91
https://www.packplannerpro.co.uk/,1,9,11.11%,1
https://www.packplannerpro.co.uk/dog-walking-scheduling-software,1,9,11.11%,35.56
https://www.packplannerpro.co.uk/contact.html,1,4,25%,2
https://www.packplannerpro.co.uk/dog-walking-software-for-sole-traders,0,9,0%,13.67
https://www.packplannerpro.co.uk/dog-walking-software-no-monthly-fee,0,8,0%,5.25
https://www.packplannerpro.co.uk/pet-care-software,0,6,0%,27.33
https://www.packplannerpro.co.uk/blog/dog-walking-invoicing-how-to-invoice-clients-properly,0,5,0%,9.6
https://www.packplannerpro.co.uk/contact,0,4,0%,2
https://www.packplannerpro.co.uk/blog/how-to-organise-your-dog-walking-schedule,0,4,0%,8
https://www.packplannerpro.co.uk/blog/moving-from-spreadsheets-to-proper-dog-walking-software,0,2,0%,9.5
https://www.packplannerpro.co.uk/blog,0,1,0%,3