Top queries,Clicks,Impressions,CTR,Position
pack planner,2,8,25%,3.12
dog walking software,0,19,0%,69.68
dog walking software uk,0,17,0%,52.06
dog walker software,0,15,0%,62.07
dog walker schedule planning,0,13,0%,9.69
dog walking calendar,0,4,0%,34.25
pet sitting software uk,0,4,0%,65.5
pet care scheduling software,0,4,0%,75.75
pet care software,0,4,0%,76.5
how to set up a dog walking business uk,0,4,0%,86.5
dog walking schedule,0,3,0%,44.33
how to start a dog walking business uk,0,3,0%,91
dog walking app uk,0,2,0%,43.5
dog planning,0,2,0%,55
pet walking business software,0,2,0%,89
dog walking diary,0,1,0%,11
uk dog walking app,0,1,0%,48
dog sitter software,0,1,0%,96